horodatage	total	actives	inactives	idle_in_tx	verrous_attente
13:04:23	1	1	0	0	0
13:04:28	10	1	9	0	0
13:04:33	10	1	9	0	0
13:04:38	10	1	9	0	0
13:04:43	10	1	9	0	0
13:04:48	10	1	9	0	0
13:04:53	10	1	9	0	0
13:04:58	10	1	9	0	0
13:05:03	10	1	9	0	0
13:05:08	10	2	8	0	0
13:05:14	12	1	11	0	0
13:05:19	12	1	11	0	0
13:05:24	12	1	11	0	0
13:05:29	12	1	11	0	0
13:05:34	12	1	11	0	0
13:05:39	12	1	11	0	0
13:05:44	12	1	11	0	0
13:05:49	12	1	11	0	0
13:05:54	12	1	11	0	0
13:05:59	12	1	11	0	0
13:06:04	12	1	11	0	0
13:06:09	12	1	11	0	0
13:06:14	13	2	11	0	0
13:06:19	11	1	10	0	0
13:06:24	11	1	10	0	0
13:06:29	12	1	11	0	0
13:06:34	12	1	11	0	0
13:06:39	12	1	11	0	0
13:06:44	12	1	11	0	0
13:06:49	12	1	11	0	0
13:06:54	12	1	11	0	0
13:06:59	12	1	11	0	0
13:07:04	12	1	11	0	0
13:07:09	12	1	11	0	0
13:07:14	12	1	11	0	0
13:07:19	12	1	11	0	0
13:07:24	12	1	11	0	0
13:07:29	12	1	11	0	0
13:07:35	12	1	11	0	0
13:07:40	12	1	11	0	0
13:07:45	12	2	10	0	0
13:07:50	12	1	11	0	0
13:07:55	12	1	11	0	0
13:08:00	12	1	11	0	0
13:08:05	12	1	11	0	0
13:08:10	12	1	11	0	0
13:08:15	12	1	11	0	0
13:08:20	9	1	8	0	0
13:08:25	10	1	9	0	0
13:08:30	9	1	8	0	0
13:08:35	9	1	8	0	0
13:08:40	11	1	10	0	0
13:08:45	11	1	10	0	0
13:08:50	11	1	10	0	0
13:08:55	11	1	10	0	0
13:09:00	11	1	10	0	0
13:09:05	11	1	10	0	0
13:09:10	11	1	10	0	0
13:09:15	11	1	10	0	0
13:09:20	11	1	10	0	0
13:09:25	11	1	10	0	0
13:09:30	11	1	10	0	0
13:09:35	11	1	10	0	0
13:09:40	11	1	10	0	0
13:09:45	11	1	10	0	0
13:09:51	11	1	10	0	0
13:09:56	11	1	10	0	0
13:10:01	11	1	10	0	0
13:10:06	11	1	10	0	0
13:10:11	11	1	10	0	0
13:10:16	11	1	10	0	0
13:10:21	11	1	10	0	0
13:10:26	11	1	10	0	0
13:10:31	11	1	10	0	0
13:10:36	11	1	10	0	0
13:10:41	11	1	10	0	0
13:10:46	11	1	10	0	0
13:10:51	11	1	10	0	0
13:10:56	11	1	10	0	0
13:11:01	11	1	10	0	0
13:11:06	10	1	9	0	0
13:11:11	10	1	9	0	0
13:11:16	9	1	8	0	0
13:11:21	9	1	8	0	0
13:11:26	9	1	8	0	0
13:11:31	9	1	8	0	0
13:11:36	9	1	8	0	0
13:11:41	10	1	9	0	0
13:11:46	12	3	9	0	0
13:11:51	12	1	11	0	0
